time,05,11,15,17,20,21
1950,86.1,96.3,60.7,45.6,55.3,100.0
1955,85.9,96.0,60.4,45.3,55.0,99.7
1960,85.6,95.8,60.1,45.0,54.8,99.5
1965,85.3,95.5,59.9,44.8,54.5,99.2
1970,85.1,95.2,59.6,44.5,54.3,98.9
1975,84.8,95.0,59.3,44.2,54.0,98.7
1980,84.6,94.7,59.1,44.0,53.7,98.4
1985,84.3,94.4,58.8,43.7,53.5,98.1
1990,84.0,94.2,58.6,43.4,53.2,97.9
1995,83.8,93.9,58.3,43.2,52.9,97.6
2000,83.5,93.7,58.0,42.9,52.7,97.4
2005,83.2,93.4,57.8,42.7,52.4,97.1
2010,83.0,93.1,57.5,42.4,52.2,96.8
2015,82.7,92.9,57.3,42.1,51.9,96.6
2020,82.5,92.6,57.0,41.9,51.6,96.3
2025,82.2,92.3,56.7,41.6,51.4,96.0
2030,81.9,92.1,56.5,41.3,51.1,95.8
2035,81.7,91.8,56.2,41.1,50.8,95.5
2040,81.4,91.6,55.9,40.8,50.6,95.2
2045,81.1,91.3,55.7,40.5,50.3,95.0
2050,80.9,91.0,55.4,40.3,50.0,94.7
2055,80.6,90.8,55.2,40.0,49.8,94.4
2060,80.3,90.5,54.9,39.8,49.5,94.2
2065,80.1,90.2,54.6,39.5,49.2,93.9
2070,79.8,90.0,54.4,39.2,49.0,93.7
2075,79.5,89.7,54.1,39.0,48.7,93.4
2080,79.3,89.5,53.9,38.7,48.5,93.2
2085,79.0,89.2,53.6,38.5,48.2,92.9
2090,78.8,88.9,53.3,38.2,47.9,92.6
2095,78.5,88.7,53.1,37.9,47.7,92.4
2100,78.2,88.4,52.8,37.7,47.4,92.1
2105,78.0,88.1,52.5,37.4,47.2,91.8
2110,77.7,87.9,52.3,37.1,46.9,91.6
2115,77.5,87.6,52.0,36.9,46.6,91.3
2120,77.2,87.4,51.7,36.6,46.4,91.1
2125,76.9,87.1,51.5,36.3,46.1,90.8
2130,76.7,86.8,51.2,36.1,45.9,90.5
2135,76.4,86.6,50.9,35.8,45.6,90.3
2140,76.1,86.3,50.7,35.6,45.4,90.0
2145,75.9,86.0,50.4,35.3,45.1,89.7
2150,75.7,85.8,50.2,35.1,44.9,89.5
2155,75.4,85.5,49.9,34.8,44.6,89.2
2160,75.1,85.2,49.6,34.6,44.3,89.0
2165,74.9,85.0,49.4,34.3,44.1,88.7
2170,74.6,84.8,49.1,34.0,43.8,88.4
2175,74.3,84.5,48.9,33.8,43.5,88.2
2180,74.1,84.2,48.6,33.5,43.3,87.9
2185,73.8,84.0,48.4,33.2,43.0,87.6
2190,73.6,83.7,48.1,33.0,42.7,87.4
2195,73.3,83.4,47.8,32.7,42.5,87.1
2200,73.0,83.2,47.6,32.4,42.2,86.8
2205,72.8,82.9,47.3,32.2,42.0,86.6
2210,72.5,82.7,47.1,31.9,41.7,86.3
2215,72.2,82.4,46.8,31.6,41.4,86.1
2220,72.0,82.1,46.6,31.4,41.2,85.8
2225,71.7,81.9,46.3,31.1,40.9,85.5
2230,71.5,81.6,46.0,30.9,40.7,85.3
2235,71.2,81.4,45.8,30.6,40.4,85.1
2240,70.9,81.1,45.5,30.3,40.1,84.8
2245,70.7,80.8,45.2,30.1,39.9,84.5
2250,70.4,80.6,45.0,29.8,39.6,84.3
2255,70.2,80.3,44.7,29.5,39.4,84.0
2260,69.9,80.0,44.5,29.3,39.1,83.7
2265,69.6,79.8,44.2,29.0,38.8,83.5
2270,69.4,79.5,43.9,28.8,38.6,83.2
2275,69.1,79.3,43.7,28.5,38.3,82.9
2280,68.8,79.0,43.4,28.2,38.0,82.7
2285,68.6,78.7,43.2,28.0,37.8,82.4
2290,68.3,78.5,42.9,27.7,37.5,82.2
2295,68.0,78.2,42.6,27.4,37.3,81.9
2300,67.8,77.9,42.4,27.2,37.0,81.6
2305,67.5,77.7,42.1,26.9,36.7,81.4
2310,67.2,77.4,41.9,26.6,36.5,81.1
2315,67.0,77.1,41.6,26.4,36.2,80.8
2320,66.7,76.9,41.3,26.1,35.9,80.6
2325,66.4,76.6,41.1,25.8,35.7,80.3
2330,66.2,76.4,40.8,25.6,35.4,80.0
2335,65.9,76.1,40.5,25.3,35.1,79.8
2340,65.7,75.8,40.3,25.0,34.9,79.5
2345,65.4,75.6,40.0,24.8,34.6,79.3
2350,65.1,75.3,39.8,24.5,34.4,79.0
2355,64.9,75.1,39.5,24.3,34.1,78.7
2360,64.6,74.8,39.2,24.0,33.8,78.5
2365,64.4,74.5,39.0,23.7,33.6,78.2
2370,64.1,74.3,38.7,23.5,33.3,77.9
2375,63.8,74.0,38.4,23.3,33.0,77.7
2380,63.6,73.7,38.2,23.3,32.8,77.4
2385,63.3,73.5,37.9,23.3,32.5,77.2
2390,63.1,73.2,37.6,23.3,32.3,76.9
2395,62.8,72.9,37.4,23.3,32.0,76.6
2400,62.6,72.7,37.1,23.3,31.7,76.4
2405,62.3,72.4,36.8,23.3,31.5,76.1
2410,62.0,72.2,36.6,23.3,31.3,75.8
2415,61.8,71.9,36.3,23.3,31.0,75.6
2420,61.5,71.7,36.1,23.3,30.7,75.3
2425,61.2,71.4,35.8,23.3,30.5,75.0
2430,61.0,71.1,35.5,23.3,30.2,74.8
2435,60.7,70.9,35.3,100.0,30.0,74.5
2440,60.5,70.6,35.0,100.0,29.7,74.3
2445,60.2,70.4,34.8,100.0,29.4,74.0
2450,59.9,70.1,34.5,100.0,29.2,73.7
2455,59.7,69.8,34.3,100.0,28.9,73.5
2460,59.4,69.6,34.0,100.0,28.6,73.2
2465,59.1,69.3,33.7,100.0,28.4,72.9
2470,58.9,69.1,33.5,100.0,28.1,72.7
2475,58.6,68.8,33.3,100.0,27.8,72.5
2480,58.4,68.5,33.0,100.0,27.6,72.2
2485,58.1,68.3,32.7,100.0,27.3,71.9
2490,57.8,68.0,32.5,100.0,27.0,71.7
2495,57.6,67.7,32.2,100.0,26.8,71.4
2500,57.3,67.5,31.9,100.0,26.5,71.2
2505,57.1,67.2,31.7,100.0,26.2,70.9
2510,56.8,66.9,31.4,100.0,26.0,70.6
2515,56.5,66.7,31.2,100.0,25.7,70.4
2520,56.3,66.4,30.9,100.0,25.5,70.1
2525,56.0,66.2,30.6,100.0,25.2,69.8
2530,55.7,65.9,30.4,100.0,24.9,69.6
2535,55.5,65.6,30.1,100.0,24.7,69.3
2540,55.2,65.4,29.9,100.0,24.4,69.0
2545,54.9,65.1,29.6,100.0,24.1,68.8
2550,54.7,64.8,29.3,99.8,23.9,68.5
2555,54.4,64.6,29.1,99.5,23.6,68.2
2560,54.1,64.3,28.8,99.3,23.5,68.0
2565,53.9,64.0,28.5,99.0,23.5,67.7
2570,53.6,63.8,28.3,98.7,23.5,67.5
2575,53.4,63.5,28.0,98.5,23.5,67.2
2580,53.1,63.3,27.7,98.2,23.5,66.9
2585,52.8,63.0,27.5,97.9,23.5,66.7
2590,52.6,62.7,27.2,97.7,23.5,66.4
2595,52.3,62.5,26.9,97.4,23.5,66.1
2600,52.0,62.2,26.7,97.1,23.5,65.9
2605,51.8,62.0,26.4,96.9,23.5,65.6
2610,51.5,61.7,26.1,96.6,23.5,65.3
2615,51.3,61.4,25.9,96.3,23.5,65.1
2620,51.0,61.2,25.6,96.1,100.0,64.8
2625,50.7,60.9,25.4,95.8,100.0,64.6
2630,50.5,60.6,25.2,95.6,100.0,64.3
2635,50.2,60.4,25.2,95.3,100.0,64.0
2640,50.0,60.1,25.2,95.0,100.0,63.8
2645,49.7,59.8,25.2,94.8,100.0,63.5
2650,49.5,59.6,25.2,94.5,100.0,63.3
2655,49.2,59.4,25.2,94.2,100.0,63.0
2660,48.9,59.1,25.2,94.0,100.0,62.7
2665,48.7,58.8,25.2,93.7,100.0,62.5
2670,48.4,58.6,25.2,93.4,100.0,62.2
2675,48.1,58.3,25.2,93.2,100.0,61.9
2680,47.9,58.1,25.2,92.9,100.0,61.7
2685,47.6,57.8,25.2,92.6,100.0,61.4
2690,47.4,57.5,100.0,92.4,100.0,61.1
2695,47.1,57.3,100.0,92.1,100.0,60.9
2700,46.8,57.0,100.0,91.9,100.0,60.6
2705,46.6,56.8,100.0,91.6,100.0,60.3
2710,46.3,56.5,100.0,91.3,100.0,60.1
2715,46.1,56.2,100.0,91.1,100.0,59.9
2720,45.8,56.0,100.0,90.8,100.0,59.6
2725,45.5,55.7,100.0,90.6,100.0,59.4
2730,45.3,55.4,100.0,90.3,100.0,59.1
2735,45.0,55.2,100.0,90.0,100.0,58.8
2740,44.7,54.9,100.0,89.8,99.8,58.6
2745,44.5,54.6,100.0,89.5,99.6,58.3
2750,44.2,54.4,100.0,89.3,99.3,58.0
2755,44.0,54.1,100.0,89.0,99.0,57.8
2760,43.7,53.9,100.0,88.7,98.8,57.5
2765,43.4,53.6,100.0,88.5,98.5,57.2
2770,43.2,53.3,100.0,88.2,98.3,57.0
2775,42.9,53.1,100.0,87.9,98.0,56.7
2780,42.6,52.8,100.0,87.7,97.7,56.5
2785,42.4,52.5,100.0,87.5,97.5,56.2
2790,42.1,52.3,100.0,87.2,97.2,55.9
2795,41.8,52.0,100.0,87.0,96.9,55.7
2800,41.6,51.7,100.0,86.7,96.7,55.4
2805,41.3,51.5,100.0,86.4,96.4,55.1
2810,41.0,51.2,100.0,86.2,96.1,54.9
2815,40.8,50.9,100.0,85.9,95.9,54.6
2820,40.5,50.7,100.0,85.6,95.6,54.3
2825,40.3,50.4,100.0,85.4,95.3,54.1
2830,40.0,50.2,100.0,85.1,95.1,53.8
2835,39.7,49.9,100.0,84.8,94.8,53.6
2840,39.5,49.6,100.0,84.6,94.6,53.3
2845,39.2,49.4,100.0,84.3,94.3,53.0
2850,38.9,49.1,100.0,84.1,94.0,52.8
2855,38.7,48.9,100.0,83.8,93.8,52.5
2860,38.4,48.6,100.0,83.6,93.5,52.2
2865,38.2,48.3,100.0,83.3,93.2,52.0
2870,37.9,48.1,100.0,83.0,93.0,51.7
2875,37.7,47.8,100.0,82.8,92.7,51.5
2880,37.4,47.5,100.0,82.5,92.4,51.2
2885,37.2,47.3,100.0,82.3,92.2,50.9
2890,36.9,47.1,100.0,82.0,91.9,50.7
2895,36.6,46.8,100.0,81.7,91.6,50.4
2900,36.4,46.5,100.0,81.5,91.4,50.1
2905,36.1,46.3,100.0,81.2,91.1,49.9
2910,35.8,46.0,100.0,81.0,90.9,49.6
2915,35.6,45.7,100.0,80.7,90.6,49.3
2920,35.3,45.5,100.0,80.5,90.3,49.1
2925,35.1,45.2,100.0,80.2,90.1,48.8
2930,34.8,45.0,100.0,79.9,89.8,48.6
2935,34.5,44.7,100.0,79.7,89.6,48.3
2940,34.3,44.4,100.0,79.4,89.3,48.0
2945,34.0,44.2,100.0,79.1,89.0,47.8
2950,33.7,43.9,100.0,78.9,88.8,47.5
2955,33.5,43.7,100.0,78.6,88.5,47.3
2960,33.2,43.4,100.0,78.4,88.2,47.0
2965,33.0,43.1,100.0,78.1,88.0,46.8
2970,32.7,42.9,100.0,77.9,87.7,46.5
2975,32.4,42.6,100.0,77.6,87.4,46.2
2980,32.2,42.3,100.0,77.3,87.2,46.0
2985,31.9,42.1,100.0,77.1,86.9,45.7
2990,31.6,41.8,100.0,76.8,86.7,45.4
2995,31.4,41.6,100.0,76.5,86.4,45.2
3000,31.1,41.3,100.0,76.3,86.1,44.9
3005,30.9,41.0,100.0,76.0,85.9,44.7
3010,30.6,40.8,100.0,75.8,85.6,44.4
3015,30.3,40.5,100.0,75.5,85.3,44.1
3020,30.1,40.2,100.0,75.3,85.1,43.9
3025,29.8,40.0,100.0,75.0,84.9,43.6
3030,29.5,39.7,100.0,74.8,84.6,43.3
3035,29.3,39.4,100.0,74.5,84.3,43.1
3040,29.0,39.2,100.0,74.2,84.1,42.8
3045,28.7,38.9,100.0,74.0,83.8,42.5
3050,28.5,38.6,100.0,73.7,83.6,42.3
3055,28.2,38.4,100.0,73.4,83.3,42.0
3060,27.9,38.1,100.0,73.2,83.0,41.8
3065,27.7,37.9,100.0,72.9,82.8,41.5
3070,27.4,37.6,100.0,72.6,82.5,41.2
3075,27.2,37.3,100.0,72.4,82.3,41.0
3080,26.9,37.1,100.0,72.1,82.0,40.7
3085,26.6,36.8,100.0,71.9,81.7,40.4
3090,26.4,36.6,100.0,71.6,81.5,40.2
3095,26.1,36.3,100.0,71.4,81.2,39.9
3100,25.8,36.0,100.0,71.1,81.0,39.6
3105,25.6,35.8,100.0,70.8,80.7,39.4
3110,25.3,35.5,100.0,70.6,80.5,39.1
3115,25.0,35.2,100.0,70.3,80.2,38.9
3120,24.8,35.0,100.0,70.1,79.9,38.6
3125,24.5,34.7,100.0,69.8,79.7,38.3
3130,24.2,34.5,100.0,69.6,79.4,38.1
3135,24.0,34.2,100.0,69.3,79.1,37.8
3140,23.7,34.0,100.0,69.0,78.9,37.5
3145,23.4,33.7,100.0,68.8,78.6,37.3
3150,23.2,33.4,100.0,68.5,78.3,37.0
3155,22.9,33.2,100.0,68.3,78.1,36.8
3160,22.7,32.9,100.0,68.0,77.8,36.5
3165,22.5,32.7,100.0,67.7,77.6,36.2
3170,22.5,32.4,99.9,67.5,77.3,36.0
3175,22.5,32.1,99.7,67.2,77.0,35.7
3180,22.5,31.9,99.4,66.9,76.8,35.4
3185,22.5,31.6,99.2,66.7,76.5,35.2
3190,22.5,31.3,98.9,66.4,76.2,35.0
3195,22.5,31.1,98.6,66.2,76.0,34.7
3200,22.5,30.8,98.4,65.9,75.7,34.4
3205,22.5,30.6,98.1,65.7,75.5,34.2
3210,22.5,30.3,97.8,65.4,75.2,33.9
3215,22.5,30.0,97.6,65.1,74.9,33.7
3220,22.5,29.8,97.3,64.9,74.7,33.4
3225,100.0,29.5,97.0,64.6,74.4,33.1
3230,100.0,29.2,96.8,64.4,74.1,32.9
3235,100.0,29.0,96.5,64.1,73.9,32.6
3240,100.0,28.7,96.2,63.8,73.6,32.3
3245,100.0,28.4,96.0,63.6,73.3,32.1
3250,100.0,28.2,95.7,63.3,73.1,31.8
3255,100.0,27.9,95.4,63.0,72.8,31.5
3260,99.9,27.6,95.2,62.8,72.5,31.3
3265,99.7,27.4,94.9,62.6,72.3,31.0
3270,99.4,27.1,94.7,62.3,72.1,30.7
3275,99.2,26.8,94.4,62.0,71.8,30.5
3280,98.9,26.6,94.1,61.8,71.6,30.2
3285,98.6,26.3,93.9,61.5,71.3,30.0
3290,98.4,26.1,93.6,61.2,71.0,29.7
3295,98.1,25.8,93.3,61.0,70.8,29.4
3300,97.8,25.5,93.1,60.7,70.5,29.2
3305,97.6,25.3,92.8,60.5,70.2,28.9
3310,97.3,25.0,92.5,60.2,70.0,28.6
3315,97.0,24.7,92.3,59.9,69.7,28.4
3320,96.8,24.5,92.0,59.7,69.5,28.1
3325,96.5,24.2,91.7,59.4,69.2,27.8
3330,96.2,23.9,91.5,59.2,69.0,27.6
3335,96.0,23.7,91.2,58.9,68.7,27.3
3340,95.7,23.4,91.0,58.7,68.4,27.0
3345,95.4,23.3,90.7,58.4,68.2,26.8
3350,95.2,23.3,90.5,58.1,67.9,26.5
3355,94.9,23.3,90.2,57.9,67.7,26.2
3360,94.7,23.3,89.9,57.6,67.4,26.0
3365,94.4,23.3,89.7,57.4,67.2,25.7
3370,94.1,23.3,89.4,57.1,66.9,25.5
3375,93.9,23.3,89.2,56.8,66.6,25.2
3380,93.6,23.3,88.9,56.6,66.4,24.9
3385,93.4,23.3,88.6,56.3,66.1,24.7
3390,93.1,23.3,88.4,56.0,65.8,24.4
3395,92.8,23.3,88.1,55.8,65.6,24.1
3400,92.6,23.3,87.9,55.5,65.3,23.9
3405,92.3,100.0,87.6,55.3,65.0,23.6
3410,92.0,100.0,87.4,55.0,64.8,23.4
3415,91.8,100.0,87.1,54.7,64.5,23.4
3420,91.5,100.0,86.8,54.5,64.2,23.4
3425,91.2,100.0,86.6,54.2,64.0,23.4
3430,91.0,100.0,86.3,54.0,63.7,23.4
3435,90.7,100.0,86.1,53.7,63.5,23.4
3440,90.5,100.0,85.8,53.4,63.2,23.4
3445,90.2,100.0,85.5,53.2,62.9,23.4
3450,89.9,100.0,85.3,52.9,62.7,23.4
3455,89.7,100.0,85.0,52.7,62.4,23.4
3460,89.4,100.0,84.7,52.4,62.1,23.4
3465,89.1,100.0,84.5,52.1,61.9,23.4
3470,88.9,100.0,84.2,51.9,61.6,100.0
3475,88.6,100.0,84.0,51.6,61.3,100.0
3480,88.4,100.0,83.7,51.4,61.1,100.0
3485,88.1,100.0,83.5,51.1,60.8,100.0
3490,87.8,100.0,83.2,50.8,60.6,100.0
3495,87.6,100.0,82.9,50.6,60.3,100.0
3500,87.3,100.0,82.7,50.4,60.0,100.0
3505,87.0,100.0,82.4,50.1,59.8,100.0
3510,86.8,100.0,82.2,49.9,59.5,100.0
3515,86.5,100.0,81.9,49.6,59.2,100.0
3520,86.3,100.0,81.6,49.3,59.0,100.0
3525,86.0,100.0,81.4,49.1,58.8,100.0
3530,85.8,100.0,81.1,48.8,58.5,100.0
3535,85.5,100.0,80.8,48.5,58.3,99.8
3540,85.3,100.0,80.6,48.3,58.0,99.6
3545,85.0,100.0,80.3,48.0,57.7,99.3
3550,84.7,100.0,80.1,47.7,57.5,99.0
3555,84.5,100.0,79.8,47.5,57.2,98.8
3560,84.2,100.0,79.6,47.2,56.9,98.5
3565,83.9,100.0,79.3,47.0,56.7,98.3
3570,83.7,100.0,79.0,46.7,56.4,98.0
3575,83.4,100.0,78.8,46.5,56.2,97.7
3580,83.1,100.0,78.5,46.2,55.9,97.5
3585,82.9,100.0,78.3,45.9,55.6,97.2
3590,82.6,100.0,78.0,45.7,55.4,96.9
3595,82.3,100.0,77.7,45.4,55.1,96.7
3600,82.1,100.0,77.5,45.1,54.9,96.4
3605,81.8,100.0,77.2,44.9,54.6,96.1
3610,81.6,100.0,77.0,44.6,54.4,95.9
3615,81.3,100.0,76.7,44.4,54.1,95.6
3620,81.0,100.0,76.4,44.1,53.8,95.3
3625,80.8,100.0,76.2,43.9,53.6,95.1
3630,80.5,100.0,75.9,43.6,53.3,94.8
3635,80.2,100.0,75.6,43.4,53.0,94.6
3640,80.0,100.0,75.5,43.1,52.8,94.3
3645,79.7,100.0,75.2,42.8,52.5,94.0
3650,79.5,100.0,74.9,42.6,52.3,93.8
3655,79.2,100.0,74.7,42.3,52.0,93.5
3660,78.9,100.0,74.4,42.0,51.7,93.2
3665,78.7,100.0,74.1,41.8,51.5,93.0
3670,78.4,100.0,73.9,41.5,51.2,92.7
3675,78.1,100.0,73.6,41.3,50.9,92.4
3680,77.9,99.9,73.3,41.0,50.7,92.2
3685,77.6,99.6,73.1,40.7,50.4,91.9
3690,77.4,99.4,72.8,40.5,50.2,91.6
3695,77.1,99.1,72.5,40.2,49.9,91.4
3700,76.8,98.8,72.3,40.0,49.6,91.1
3705,76.6,98.6,72.0,39.7,49.4,90.9
3710,76.3,98.3,71.8,39.4,49.1,90.6
3715,76.0,98.0,71.5,39.2,48.8,90.4
3720,75.8,97.8,71.3,38.9,48.6,90.1
3725,75.5,97.5,,38.6,48.3,89.8
3730,75.2,97.2,,38.4,48.0,89.6
3735,75.0,97.0,,38.1,47.8,89.3
3740,74.7,96.7,,37.9,47.5,89.1
3745,74.4,96.5,,37.7,47.2,88.8
3750,74.2,96.2,,37.4,47.0,88.5
3755,73.9,95.9,,37.1,46.7,88.3
3760,73.7,95.7,,36.9,46.5,88.0
3765,73.5,95.4,,36.6,46.2,87.8
3770,73.2,95.1,,36.3,46.0,87.5
3775,72.9,94.9,,36.1,45.7,87.3
3780,72.7,94.6,,35.8,45.5,87.0
3785,72.4,94.3,,35.5,45.2,86.8
3790,72.1,94.1,,35.3,44.9,86.5
3795,71.9,93.8,,35.0,44.7,86.2
3800,71.6,93.5,,34.8,44.4,86.0
3805,71.3,93.3,,34.5,44.2,85.7
3810,71.1,93.0,,34.3,43.9,85.4
3815,70.8,92.8,,34.0,43.7,85.2
3820,70.6,92.5,,33.7,43.4,84.9
3825,70.3,92.2,,33.5,43.1,84.6
3830,70.0,92.0,,33.2,42.9,84.4
3835,69.8,91.7,,33.0,42.6,84.1
3840,69.5,91.5,,32.7,42.3,83.9
3845,69.2,91.2,,32.5,42.1,83.6
3850,69.0,90.9,,32.2,41.8,83.4
3855,68.7,90.7,,31.9,41.6,83.1
3860,68.4,90.4,,31.7,41.3,82.8
3865,68.2,90.1,,31.4,41.1,82.6
3870,67.9,89.9,,31.1,40.8,82.3
3875,67.7,89.6,,30.9,40.5,82.1
3880,67.4,89.4,,30.6,40.3,81.8
3885,67.1,89.1,,30.4,40.0,81.5
3890,66.9,88.8,,30.1,39.7,81.3
3895,66.6,88.6,,29.8,39.5,81.0
3900,66.3,88.3,,29.6,39.2,80.8
3905,66.1,88.1,,29.3,38.9,80.5
3910,65.8,87.8,,29.0,38.7,80.3
3915,65.6,87.5,,28.8,38.4,80.0
3920,65.3,87.3,,28.5,38.1,79.7
3925,65.0,87.0,,28.2,37.9,79.5
3930,64.8,86.8,,28.0,37.6,79.2
3935,64.5,86.6,,27.7,37.4,78.9
3940,64.2,86.3,,27.5,37.1,78.7
3945,64.0,86.0,,27.2,36.8,78.4
3950,63.7,85.8,,26.9,36.6,78.2
3955,63.4,85.5,,26.7,36.3,77.9
3960,63.2,85.2,,26.4,36.0,77.6
3965,62.9,85.0,,26.1,35.8,77.4
3970,62.6,84.7,,25.9,35.5,77.1
3975,62.4,84.4,,25.6,35.3,76.9
3980,62.1,84.2,,25.3,35.0,76.6
3985,61.9,83.9,,25.1,34.7,76.3
3990,61.6,83.7,,24.8,34.5,76.1
3995,61.3,83.4,,24.5,34.2,75.8
4000,61.1,83.1,,24.3,33.9,75.5
4005,60.9,82.9,,24.0,33.7,75.4
4010,60.6,82.6,,23.8,33.4,75.1
4015,60.3,82.4,,23.5,33.1,74.8
4020,60.1,82.1,,23.2,33.0,74.6
4025,59.8,81.8,,23.0,32.7,74.3
4030,59.5,81.6,,22.7,32.4,74.0
4035,59.3,81.3,,22.4,32.2,73.8
4040,59.0,81.0,,22.2,31.9,73.5
4045,58.8,80.8,,22.2,31.6,73.2
4050,58.5,80.5,,22.2,31.4,73.0
4055,58.2,80.3,,22.2,31.1,72.7
4060,58.0,80.0,,22.2,30.8,72.4
4065,57.7,79.7,,22.2,30.6,72.2
4070,57.4,79.5,,22.2,30.3,71.9
4075,57.2,79.2,,22.2,30.1,71.7
4080,56.9,79.0,,22.2,29.8,71.4
4085,56.6,78.7,,22.2,29.5,71.2
4090,56.4,78.4,,22.2,29.3,70.9
4095,56.1,78.2,,22.2,29.0,70.6
4100,55.8,77.9,,100.0,28.8,70.4
4105,55.6,77.6,,100.0,28.5,70.1
4110,55.3,77.4,,100.0,28.2,69.9
4115,55.1,77.1,,100.0,28.0,69.6
4120,54.8,76.8,,100.0,27.7,69.4
4125,54.5,76.6,,100.0,27.4,69.1
4130,54.3,76.3,,100.0,27.2,68.8
4135,54.0,76.1,,100.0,26.9,68.6
4140,53.7,75.8,,100.0,26.6,68.3
4145,53.5,75.5,,100.0,26.4,68.1
4150,53.2,75.3,,100.0,26.1,67.8
4155,53.0,75.0,,100.0,25.8,67.5
4160,52.7,74.8,,100.0,25.6,67.3
4165,52.4,74.5,,100.0,25.3,67.0
4170,52.2,74.2,,100.0,25.1,66.7
4175,51.9,74.0,,100.0,24.8,66.5
4180,51.6,73.7,,100.0,24.5,66.2
4185,51.4,73.5,,100.0,24.3,66.0
4190,51.1,73.3,,100.0,24.0,65.7
4195,50.9,73.0,,100.0,23.7,65.5
4200,50.6,72.7,,100.0,23.5,65.2
4205,50.3,72.5,,100.0,23.5,64.9
4210,50.1,72.2,,100.0,23.5,64.7
4215,49.8,71.9,,100.0,23.5,64.4
4220,49.5,71.7,,100.0,23.5,64.2
4225,49.3,71.4,,100.0,23.5,63.9
4230,49.0,71.1,,100.0,23.5,63.6
4235,48.7,70.9,,100.0,23.5,63.4
4240,48.5,70.6,,100.0,23.5,63.1
4245,48.3,70.4,,100.0,23.5,62.9
4250,48.0,70.1,,100.0,23.5,62.6
4255,47.8,69.8,,100.0,23.5,62.4
4260,47.5,69.6,,100.0,100.0,62.1
4265,47.2,69.3,,100.0,100.0,61.8
4270,47.0,69.1,,100.0,100.0,61.6
4275,46.7,68.8,,100.0,100.0,61.3
4280,46.4,68.5,,100.0,100.0,61.0
4285,46.2,68.3,,100.0,100.0,60.8
4290,45.9,68.0,,100.0,100.0,60.5
4295,45.6,67.7,,100.0,100.0,60.3
4300,45.4,67.5,,100.0,100.0,60.0
4305,45.1,67.2,,99.8,100.0,59.7
4310,44.8,67.0,,99.5,100.0,59.5
4315,44.6,66.7,,99.3,100.0,59.2
4320,44.3,66.4,,99.0,100.0,59.0
4325,44.1,66.2,,98.7,100.0,58.7
4330,43.8,65.9,,98.5,100.0,58.5
4335,43.5,65.6,,98.2,100.0,58.2
4340,43.3,65.4,,97.9,100.0,57.9
4345,43.0,65.1,,97.7,100.0,57.7
4350,42.7,64.9,,97.4,100.0,57.4
4355,42.5,64.6,,97.1,100.0,57.2
4360,42.2,64.3,,96.9,100.0,56.9
4365,42.0,64.1,,96.6,100.0,56.6
4370,41.7,63.8,,96.3,100.0,56.4
4375,41.4,63.5,,96.1,100.0,56.1
4380,41.2,63.3,,95.8,100.0,55.8
4385,40.9,63.0,,95.6,100.0,55.6
4390,40.6,62.8,,95.3,100.0,55.3
4395,40.4,62.5,,95.0,100.0,55.1
4400,40.1,62.2,,94.8,100.0,54.8
4405,39.9,62.0,,94.5,100.0,54.5
4410,39.6,61.7,,94.2,100.0,54.3
4415,39.3,61.5,,94.0,100.0,54.0
4420,39.1,61.2,,93.7,100.0,53.8
4425,38.8,60.9,,93.4,100.0,53.5
4430,38.5,60.7,,93.2,100.0,53.3
4435,38.3,60.4,,92.9,100.0,53.0
4440,38.0,60.2,,92.6,100.0,52.7
4445,37.7,60.0,,92.4,100.0,52.5
4450,37.5,59.7,,92.1,100.0,52.2
4455,37.2,59.4,,91.9,100.0,51.9
4460,36.9,59.2,,91.6,100.0,51.7
4465,36.7,58.9,,91.3,100.0,51.4
4470,36.4,58.6,,91.1,100.0,51.2
4475,36.2,58.4,,90.8,100.0,50.9
4480,36.0,58.1,,90.6,100.0,50.6
4485,35.7,57.8,,90.3,100.0,50.4
4490,35.4,57.6,,90.1,100.0,50.2
4495,35.2,57.3,,89.8,100.0,49.9
4500,34.9,57.1,,89.5,100.0,49.6
4505,34.6,56.8,,89.3,100.0,49.4
4510,34.4,56.5,,89.0,100.0,49.1
4515,34.1,56.3,,88.7,100.0,48.9
4520,33.8,56.0,,88.5,100.0,48.6
4525,33.6,55.8,,88.2,100.0,48.3
4530,33.3,55.5,,87.9,100.0,48.1
4535,33.1,55.2,,87.7,100.0,47.8
4540,32.8,55.0,,87.4,100.0,47.5
4545,32.5,54.7,,87.2,100.0,47.3
4550,32.3,54.4,,86.9,100.0,47.0
4555,32.0,54.2,,86.7,100.0,46.8
4560,31.7,53.9,,86.4,100.0,46.5
4565,31.5,53.7,,86.2,100.0,46.3
4570,31.2,53.4,,85.9,100.0,46.0
4575,30.9,53.1,,85.6,100.0,45.7
4580,30.7,52.9,,85.4,100.0,45.5
4585,30.4,52.6,,85.1,100.0,45.2
4590,30.2,52.3,,84.8,100.0,44.9
4595,29.9,52.1,,,100.0,44.7
4600,29.6,51.8,,,100.0,44.4
4605,29.4,51.6,,,100.0,44.2
4610,29.1,51.3,,,100.0,43.9
4615,28.8,51.0,,,100.0,43.6
4620,28.6,50.8,,,100.0,43.4
4625,28.3,50.5,,,100.0,43.1
4630,28.0,50.3,,,100.0,42.9
4635,27.8,50.0,,,100.0,42.6
4640,27.5,49.7,,,100.0,42.4
4645,27.2,49.5,,,100.0,42.1
4650,27.0,49.2,,,100.0,41.8
4655,26.7,48.9,,,100.0,41.6
4660,26.5,48.7,,,100.0,41.3
4665,26.2,48.4,,,100.0,41.1
4670,25.9,48.2,,,100.0,40.8
4675,25.7,47.9,,,100.0,40.5
4680,25.4,47.6,,,100.0,40.3
4685,25.1,47.4,,,100.0,40.0
4690,24.9,47.2,,,100.0,39.7
4695,24.6,46.9,,,100.0,39.5
4700,24.3,46.6,,,100.0,39.2
4705,24.1,46.4,,,100.0,39.0
4710,24.0,46.1,,,100.0,38.7
4715,24.0,45.9,,,100.0,38.4
4720,24.0,45.6,,,100.0,38.2
4725,24.0,45.3,,,100.0,38.0
4730,24.0,45.1,,,100.0,37.7
4735,24.0,44.8,,,100.0,37.5
4740,24.0,44.5,,,100.0,37.2
4745,24.0,44.3,,,,36.9
4750,24.0,44.0,,,,36.7
4755,24.0,43.8,,,,36.4
4760,24.0,43.5,,,,36.1
4765,24.0,43.2,,,,35.9
4770,100.0,43.0,,,,35.6
4775,100.0,,,,,35.3
4780,100.0,,,,,35.1
4785,100.0,,,,,34.8
4790,100.0,,,,,34.6
4795,100.0,,,,,34.3
4800,100.0,,,,,34.1
4655,,,,,,33.8
4660,,,,,,33.5
4665,,,,,,33.3
4670,,,,,,33.0
4675,,,,,,32.7
4680,,,,,,32.5
4685,,,,,,32.3
4690,,,,,,32.0
4695,,,,,,31.7
4700,,,,,,31.5
4705,,,,,,31.2
4710,,,,,,30.9
4715,,,,,,30.7
4720,,,,,,30.4
4725,,,,,,30.2
4730,,,,,,29.9
4735,,,,,,29.6
4740,,,,,,29.4
4745,,,,,,29.1
4750,,,,,,28.8
4755,,,,,,28.6
4760,,,,,,28.3
4765,,,,,,28.0
4770,,,,,,27.8
4775,,,,,,27.5
4780,,,,,,27.3
4785,,,,,,27.0
4790,,,,,,26.7
4795,,,,,,26.5
4800,,,,,,26.2
